{
  "version": "v4",
  "repo": "borisyankov/DefinitelyTyped",
  "ref": "master",
  "path": "typings",
  "bundle": "typings/tsd.d.ts",
  "installed": {
    "rx/rx.d.ts": {
      "commit": "1da639a106527e0c4010b354a1efe52a3059a291"
    },
    "angular2/angular2.d.ts": {
      "commit": "1da639a106527e0c4010b354a1efe52a3059a291"
    },
    "es6-promise/es6-promise.d.ts": {
      "commit": "1da639a106527e0c4010b354a1efe52a3059a291"
    },
    "rx/rx-lite.d.ts": {
      "commit": "1da639a106527e0c4010b354a1efe52a3059a291"
    },
    "socket.io-client/socket.io-client.d.ts": {
      "commit": "1da639a106527e0c4010b354a1efe52a3059a291"
    }
  }
}
